spell,volume,volume_perc
youtube,47064296000,22.5%
facebook,11740936000,5.6%
amazon,10165630000,4.9%
google,8396982000,4.0%
weather,3056470000,1.5%
translate,2123686000,1.0%
com,1994959000,1.0%
instagram,1808427000,0.9%
walmart,1786768000,0.9%
ebay,1604100000,0.8%
yahoo,1459518000,0.7%
youtubecom,1110000000,0.5%
you,974786000,0.5%
netflix,941223000,0.5%
news,930556000,0.4%
craigslist,817201000,0.4%
mail,670846000,0.3%
roblox,577456000,0.3%
gmail,562618000,0.3%
trump,494680000,0.2%
twitter,478173000,0.2%
map,476530000,0.2%
fox,422573000,0.2%
target,419991000,0.2%
123movies,417180000,0.2%
coronavirus,410584000,0.2%
nfl,396626000,0.2%
the youtube,370000000,0.2%
maps,364868000,0.2%
pinterest,329040000,0.2%
calculator,324199000,0.2%
ups,316780000,0.2%
espn,315400000,0.2%
classroom,301040000,0.1%
hotmail,300800000,0.1%
macy's,299568000,0.1%
bitcoin,297970000,0.1%
linkedin,292480000,0.1%
nba,256442000,0.1%
msn,246880000,0.1%
usps,241628000,0.1%
food,237679000,0.1%
near,230909000,0.1%
tiktok,223986000,0.1%
login,219301000,0.1%
covid,213328000,0.1%
fox news,203250000,0.1%
tv,202898000,0.1%
games,198118000,0.1%
on,187041000,0.1%
-bilibili facebook,185000000,0.1%
#you tube,185000000,0.1%
афсуищщл,185000000,0.1%
нщг егиу,185000000,0.1%
нщггиу,185000000,0.1%
нщгегиу,185000000,0.1%
нщгегиув,185000000,0.1%
уоutube,185000000,0.1%
=] youtube,185000000,0.1%
ace-book,185000000,0.1%
acerook,185000000,0.1%
are - youtube,185000000,0.1%
are youtube,185000000,0.1%
book face,185000000,0.1%
book the face,185000000,0.1%
e youtube,185000000,0.1%
e! youtube,185000000,0.1%
ei tube,185000000,0.1%
eyout,185000000,0.1%
fa_books,185000000,0.1%
facbuk,185000000,0.1%
face boôk,185000000,0.1%
facebookű,185000000,0.1%
facebouk,185000000,0.1%
facefacbook,185000000,0.1%
facepad,185000000,0.1%
fai book,185000000,0.1%
fakebppk,185000000,0.1%
faubook,185000000,0.1%
fb into,185000000,0.1%
fbook,185000000,0.1%
fcebooke,185000000,0.1%
fecbock,185000000,0.1%
fecbok,185000000,0.1%
fecbokk,185000000,0.1%
fecbuk,185000000,0.1%
feccbuk,185000000,0.1%
fecebbok,185000000,0.1%
fecebock,185000000,0.1%
fecebok,185000000,0.1%
fecebooke,185000000,0.1%
fecebuk,185000000,0.1%
fecebuuk,185000000,0.1%
fecoobok,185000000,0.1%
feecbok,185000000,0.1%
feecebok,185000000,0.1%
feizbuc,185000000,0.1%
ficbook,185000000,0.1%
hutb,185000000,0.1%
itube,185000000,0.1%
iyou tube,185000000,0.1%
ìyou tube,185000000,0.1%
jtube,185000000,0.1%
jutu,185000000,0.1%
jutube,185000000,0.1%
moyoutube,185000000,0.1%
oiyoutube,185000000,0.1%
on you tube,185000000,0.1%
the facebook,185000000,0.1%
the only youtube,185000000,0.1%
tiki book,185000000,0.1%
tourube,185000000,0.1%
tube,185000000,0.1%
tube - youtube,185000000,0.1%
tube on youtube,185000000,0.1%
tube you,185000000,0.1%
tube youtube,185000000,0.1%
tubeyou,185000000,0.1%
u toab,185000000,0.1%
ube youtube,185000000,0.1%
utyb,185000000,0.1%
wwfecebook,185000000,0.1%
y tube,185000000,0.1%
ybe,185000000,0.1%
yhoutube,185000000,0.1%
yoté,185000000,0.1%
yotop,185000000,0.1%
you -ありがとう,185000000,0.1%
you bu,185000000,0.1%
you t,185000000,0.1%
you tbeo,185000000,0.1%
you to by,185000000,0.1%
you topu,185000000,0.1%
you tube,185000000,0.1%
you tube 's,185000000,0.1%
you tube s,185000000,0.1%
you web,185000000,0.1%
youè tube,185000000,0.1%
youetube,185000000,0.1%
youitube3,185000000,0.1%
your tub,185000000,0.1%
your tube,185000000,0.1%
yourtube,185000000,0.1%
yout,185000000,0.1%
yout uh be,185000000,0.1%
youtbew,185000000,0.1%
youtip,185000000,0.1%
youtnp,185000000,0.1%
youto,185000000,0.1%
youtoy,185000000,0.1%
youtub,185000000,0.1%
youtubث,185000000,0.1%
youtube 's,185000000,0.1%
youtube /;',185000000,0.1%
youtube :- com,185000000,0.1%
youtube cvolm,185000000,0.1%
youtube e,185000000,0.1%
youtube on the,185000000,0.1%
youtube s,185000000,0.1%
youtube the,185000000,0.1%
youtube tube,185000000,0.1%
youtube ube,185000000,0.1%
youtube.com,185000000,0.1%
youtube[[,185000000,0.1%
youtube\\,185000000,0.1%
youtubeoo,185000000,0.1%
youtubers,185000000,0.1%
youtubes,185000000,0.1%
youtubez,185000000,0.1%
youtuđ,185000000,0.1%
youtž,185000000,0.1%
youutb,185000000,0.1%
youutube \\,185000000,0.1%
youweb,185000000,0.1%
youyoutube,185000000,0.1%
yoytube,185000000,0.1%
ytu tube,185000000,0.1%
ytyp,185000000,0.1%
yuhoutube,185000000,0.1%
yuo tube,185000000,0.1%
yuo tuo,185000000,0.1%
yuoted,185000000,0.1%
yutb,185000000,0.1%
yöu tube,185000000,0.1%
etsy,182800000,0.1%
the,180766000,0.1%
airbnb,179520000,0.1%
fedex,172160000,0.1%
home,169860000,0.1%
translation,169100000,0.1%
prime,169018000,0.1%
hotel,163200000,0.1%
apple,163039000,0.1%
depot,152890000,0.1%
prodigy,150000000,0.1%
yahoo mail,149923000,0.1%
google maps,149400000,0.1%
zoom,142528000,0.1%
tomorrow,140480000,0.1%
solitaire,138909000,0.1%
docs,137660000,0.1%
zillow,132800000,0.1%
pizza,132642000,0.1%
ikea,129880000,0.1%
google classroom,124500000,0.1%
фьфят,124000000,0.1%
アマゾン,124000000,0.1%
アマゾン -app,124000000,0.1%
alazo,124000000,0.1%
amadh,124000000,0.1%
amaziona,124000000,0.1%
amazon s,124000000,0.1%
amazonè,124000000,0.1%
amazonen,124000000,0.1%
amazones,124000000,0.1%
amazons,124000000,0.1%
amazu,124000000,0.1%
ame1iaon,124000000,0.1%
amersan,124000000,0.1%
amixon,124000000,0.1%
amjon,124000000,0.1%
amxon,124000000,0.1%
amzön,124000000,0.1%
ay güey amazon,124000000,0.1%
azonu,124000000,0.1%
camazon,124000000,0.1%
evazon,124000000,0.1%
eaaxon,124000000,0.1%
maeon,124000000,0.1%
omsom,124000000,0.1%
restaurant,123400000,0.1%
us,122070000,0.1%
pandora,120000000,0.1%
dictionary,119090000,0.1%
tracking,117079000,0.1%
traductor,114520000,0.1%
drive,113503000,0.1%
spotify,113000000,0.1%
gamestop,111663000,0.1%
hut,111000000,0.1%
twitch,109908000,0.1%
shein,108440000,0.1%
googles,108000000,0.1%
english,103960000,0.0%
صثشفاثق,101000000,0.0%
area weather,101000000,0.0%
eathe,101000000,0.0%
eweather,101000000,0.0%
reather,101000000,0.0%
w weather,101000000,0.0%
waeth,101000000,0.0%
wearthe,101000000,0.0%
weather in w,101000000,0.0%
weather info,101000000,0.0%
weather s,101000000,0.0%
weather w,101000000,0.0%
weathered,101000000,0.0%
weathergb,101000000,0.0%
weathering,101000000,0.0%
weathers,101000000,0.0%
reddit,97920000,0.0%
paypal,97050000,0.0%
omegle,95880000,0.0%
aol,95598000,0.0%
airpods,94796000,0.0%
test,93887000,0.0%
canva,93170000,0.0%
wikipedia,93160000,0.0%
kahoot,93020000,0.0%
speed test,91400000,0.0%
minecraft,91365000,0.0%
bryant,89250000,0.0%
\google,83100000,0.0%
пщщпду,83100000,0.0%
עםםעך,83100000,0.0%
fgoogle,83100000,0.0%
foggle,83100000,0.0%
gloglo,83100000,0.0%
goagilant,83100000,0.0%
gogule,83100000,0.0%
gogull,83100000,0.0%
gôl,83100000,0.0%
goog ee,83100000,0.0%
googeule,83100000,0.0%
googl,83100000,0.0%
googl e,83100000,0.0%
googlē,83100000,0.0%
ģoogle,83100000,0.0%
google ',83100000,0.0%
google \',83100000,0.0%
google ]',83100000,0.0%
google in,83100000,0.0%
googls,83100000,0.0%
googlwe,83100000,0.0%
gotolee,83100000,0.0%
göögle,83100000,0.0%
in google,83100000,0.0%
mygoogle,83100000,0.0%
nigel,83100000,0.0%
nygoogle,83100000,0.0%
vigogel,83100000,0.0%
best buy,82600000,0.0%
bbc,82320000,0.0%
link,82260000,0.0%
airport,81600000,0.0%
best,79541000,0.0%
sams,77600000,0.0%
speed,76920000,0.0%
expedia,76720000,0.0%
wayfair,76356000,0.0%
slides,76068000,0.0%
t mobile,76023000,0.0%
discord,75450000,0.0%
hulu,75250000,0.0%
home depot,75073000,0.0%
google map,74700000,0.0%
google translate,74400000,0.0%
mail yahoo,74400000,0.0%
snake,72750000,0.0%
spectrum,72191000,0.0%
cnn,72185000,0.0%
whatsapp,71680000,0.0%
lowes,70230000,0.0%
car,69257000,0.0%
to,69257000,0.0%
gamer,68823000,0.0%
walgreens,68100000,0.0%
chase,68060000,0.0%
пьфш,68000000,0.0%
пьфшд,68000000,0.0%
لوشهم,68000000,0.0%
glaik,68000000,0.0%
gvgmall,68000000,0.0%
movies,67877000,0.0%
news fox,67600000,0.0%
cool math games,67320000,0.0%
fmovies,65830000,0.0%
tesla,64600000,0.0%
autotrader,63650000,0.0%
kohls,63580000,0.0%
airlines,62430000,0.0%
craig,62020000,0.0%
usps tracking,61200000,0.0%
soundcloud,59170000,0.0%
indeed,58720000,0.0%
%walmart,55600000,0.0%
batmart,55600000,0.0%
usledmart,55600000,0.0%
vayalkart,55600000,0.0%
wal-mark,55600000,0.0%
wallmart,55600000,0.0%
walmart s,55600000,0.0%
michael,55360000,0.0%
chrome,55000000,0.0%
abcya,54800000,0.0%
abc,54793000,0.0%
dow,54420000,0.0%
domino's,53742000,0.0%
wallpaper,53685000,0.0%
restaurants,53600000,0.0%
thesaurus,52670000,0.0%
mapping,52100000,0.0%
switch,51960000,0.0%
starbucks,51580000,0.0%
spanish,50436000,0.0%
dow jones,50350000,0.0%
bank,50183000,0.0%
targets,49800000,0.0%
kobe,49280000,0.0%
accuweather,49080000,0.0%
nordstrom,47400000,0.0%
verizon,47226000,0.0%
capital one,46920000,0.0%
clever,46580000,0.0%
doc,46009000,0.0%
wal-mort,45500000,0.0%
aliexpress,44800000,0.0%
coffee,44580000,0.0%
usa,44503000,0.0%
aol mail,44400000,0.0%
kobe bryant,44400000,0.0%
sephora,43550000,0.0%
domino,43540000,0.0%
music,42950000,0.0%
toyota,42000000,0.0%
scholar,41760000,0.0%
deviantart,41480000,0.0%
depot's,41290000,0.0%
costco,41255000,0.0%
djia,40900000,0.0%
bestbuy,40800000,0.0%
lowe's,40800000,0.0%
lower,40800000,0.0%
nfl scores,40800000,0.0%
american,40018000,0.0%
mobile,39872000,0.0%
birthday,39747000,0.0%
adidas,39600000,0.0%
autozone,39400000,0.0%
southwest,39240000,0.0%
wells,38754000,0.0%
store,38543000,0.0%
track,38465000,0.0%
unemployment,38273000,0.0%
mcdonalds,37640000,0.0%
calendar,37606000,0.0%
bing,37400000,0.0%
cargurus,37400000,0.0%
chick,37400000,0.0%
guru,37400000,0.0%
outlook,37320000,0.0%
football,37287000,0.0%
%e/%b/%y,37200000,0.0%
@yahhoo,37200000,0.0%
пщщпду екфтыдфе,37200000,0.0%
пщщпду екфтыдфеу,37200000,0.0%
غشاخخ ئشهم,37200000,0.0%
やほー -yahoo,37200000,0.0%
ayohopp,37200000,0.0%
by google translate,37200000,0.0%
cybqy,37200000,0.0%
deposit on home,37200000,0.0%
depot home,37200000,0.0%
det home,37200000,0.0%
eabx,37200000,0.0%
ebaik,37200000,0.0%
ebayy,37200000,0.0%
ebyak,37200000,0.0%
ebziie,37200000,0.0%
evbox,37200000,0.0%
fox+news,37200000,0.0%
goegel translate,37200000,0.0%
goo translate,37200000,0.0%
google tanselate,37200000,0.0%
googĺe translate,37200000,0.0%
ģoogle translate,37200000,0.0%
googlé translate,37200000,0.0%
goògle translate,37200000,0.0%
goôgle translate,37200000,0.0%
góogle translate,37200000,0.0%
gòogle translate,37200000,0.0%
gôogle translate,37200000,0.0%
gôogle tránslate,37200000,0.0%
google translate in,37200000,0.0%
google translate s,37200000,0.0%
google translated,37200000,0.0%
google translateű,37200000,0.0%
google translation,37200000,0.0%
ģoogle translation,37200000,0.0%
gooģle translation,37200000,0.0%
google translations,37200000,0.0%
google translator,37200000,0.0%
gòogle translator,37200000,0.0%
google transliteration,37200000,0.0%
google trasnlator,37200000,0.0%
google trnalsate,37200000,0.0%
googlöe translate,37200000,0.0%
göögle translate,37200000,0.0%
home deposits,37200000,0.0%
home of depot,37200000,0.0%
homedepot,37200000,0.0%
hon\me depot,37200000,0.0%
i google translate,37200000,0.0%
i google translation,37200000,0.0%
inbox yahoo mail,37200000,0.0%
is google translate,37200000,0.0%
karunavirus,37200000,0.0%
m yahoo mail,37200000,0.0%
m.yahoo mail,37200000,0.0%
ma yahoo,37200000,0.0%
mail ya,37200000,0.0%
mail yahoo mail,37200000,0.0%
mailbox yahoo,37200000,0.0%
nail yahoo,37200000,0.0%
new fox,37200000,0.0%
rahoo,37200000,0.0%
sbay,37200000,0.0%
sbayx,37200000,0.0%
the depot home,37200000,0.0%
the home depot,37200000,0.0%
to google translate,37200000,0.0%
trans google,37200000,0.0%
translate google,37200000,0.0%
translate in google,37200000,0.0%
translate. google,37200000,0.0%
translated by google,37200000,0.0%
transliteration google,37200000,0.0%
wbah,37200000,0.0%
wbax,37200000,0.0%
ya\hoo,37200000,0.0%
yah oo,37200000,0.0%
yahof,37200000,0.0%
yahoo 's,37200000,0.0%
yahoo -super,37200000,0.0%
yahoo !' s,37200000,0.0%
yahoo .in mail,37200000,0.0%
yahoo @mail,37200000,0.0%
yahoo @ymail,37200000,0.0%
yahoo inbox mail,37200000,0.0%
yàhoo maiĺ,37200000,0.0%
yahoo mail in box,37200000,0.0%
yahoo mail inbox,37200000,0.0%
yahoo mail m,37200000,0.0%
yahoo mailbox,37200000,0.0%
yahoo masi,37200000,0.0%
yahoo s,37200000,0.0%
yahoo!,37200000,0.0%
yahoo+mail,37200000,0.0%
yahoos,37200000,0.0%
yayhoo -yahoo,37200000,0.0%
z bay,37200000,0.0%
video,37180000,0.0%
movie,36968000,0.0%
h&m,36810000,0.0%
jones,36241000,0.0%
cool,36112000,0.0%
rental,35817000,0.0%
chipotle,35450000,0.0%
pof,35000000,0.0%
vsco,34480000,0.0%
people,34071000,0.0%
pokemon,34048000,0.0%
epic,33940000,0.0%
dominos,33906000,0.0%
email,33842000,0.0%
academy,33710000,0.0%
cvs,33666000,0.0%
duckduckgo,33500000,0.0%
khan,33500000,0.0%
google drive,33300000,0.0%
calculators,33200000,0.0%
kroger,33110000,0.0%
earth,32900000,0.0%
sonic,32400000,0.0%
play,32245000,0.0%
scratch,31720000,0.0%
one,31688000,0.0%
face,31560000,0.0%
mcdonald,31380000,0.0%
america,31081000,0.0%
keto,30868000,0.0%
spiderman,30680000,0.0%
cool math,30640000,0.0%
cricket,30500000,0.0%
bell,30480000,0.0%
craig's list,30400000,0.0%
craiglook,30400000,0.0%
craigs listing,30400000,0.0%
cregles,30400000,0.0%
fhx-newsg,30400000,0.0%
fod news,30400000,0.0%
fox -id,30400000,0.0%
fox mews,30400000,0.0%
fox news today,30400000,0.0%
fox news.,30400000,0.0%
list craig,30400000,0.0%
carmax,30380000,0.0%
scores,30170000,0.0%
petco,30150000,0.0%
messenger,30050000,0.0%
urban,30000000,0.0%
youtube to mp3,30000000,0.0%
carguru,29920000,0.0%
t,29920000,0.0%
breakfast,29280000,0.0%
snapchat,29280000,0.0%
microsoft,29168000,0.0%
fafsa,29120000,0.0%
icloud,29120000,0.0%
ulta,29090000,0.0%
doordash,29080000,0.0%
redbox,29070000,0.0%
pnc,28993000,0.0%
delta,28970000,0.0%
realtor,28630000,0.0%
staples,28630000,0.0%
ixl,28500000,0.0%
sprint,28460000,0.0%
nintendo,28440000,0.0%
sign,28393000,0.0%
powerball,28363000,0.0%
mp3,27943000,0.0%
fidelity,27890000,0.0%
uber,27846000,0.0%
premier,27550000,0.0%
new,27450000,0.0%
dropbox,27330000,0.0%
airports,27200000,0.0%
bank of america,27200000,0.0%
hotels,27200000,0.0%
tweet,27200000,0.0%
juice,27030000,0.0%
what,26942000,0.0%
nike,26913000,0.0%
jcpenney,26823000,0.0%
comcast,26798000,0.0%
afdah,26640000,0.0%
panera,26610000,0.0%
enterprise,26420000,0.0%
express,26420000,0.0%
mlb,26264000,0.0%
smile,26190000,0.0%
iphone,26103000,0.0%
teachers,26000000,0.0%
us bank,25990000,0.0%
peppa,25980000,0.0%
download,25734000,0.0%
spongebob,25646000,0.0%
post,25638000,0.0%
marketplace,25471000,0.0%
kayak,25376000,0.0%
bmw,25310000,0.0%
nbc,25192000,0.0%
jokes,25038000,0.0%
tmz,25000000,0.0%
екфтыдфеу,24900000,0.0%
екфтідфеу,24900000,0.0%
тranslate,24900000,0.0%
amazom prime,24900000,0.0%
amazon -< prime,24900000,0.0%
amazon in prime,24900000,0.0%
amazon pr,24900000,0.0%
amazon premier,24900000,0.0%
amazon prime,24900000,0.0%
amazon the prime,24900000,0.0%
amazon.in prime,24900000,0.0%
class sword,24900000,0.0%
classroom google,24900000,0.0%
cnn!),24900000,0.0%
e.t. target,24900000,0.0%
et target,24900000,0.0%
g maps,24900000,0.0%
g o o g l e m a p s,24900000,0.0%
glegoo classroom,24900000,0.0%
goggle packs,24900000,0.0%
googel amp,24900000,0.0%
gòogle classroom,24900000,0.0%
google classroom []\,24900000,0.0%
google classroom s,24900000,0.0%
google classrooms,24900000,0.0%
google glass rom,24900000,0.0%
google in the classroom,24900000,0.0%
google maly,24900000,0.0%
gòogle map,24900000,0.0%
google mapper,24900000,0.0%
google mappers,24900000,0.0%
google mapping,24900000,0.0%
gooģle maps,24900000,0.0%
ģoogle maps,24900000,0.0%
google màps,24900000,0.0%
gòogle maps,24900000,0.0%
google mapssss,24900000,0.0%
google naps -map -maps,24900000,0.0%
google naps -maps,24900000,0.0%
google/maps,24900000,0.0%
googleclasssroom,24900000,0.0%
googleclssrooom,24900000,0.0%
googlemap,24900000,0.0%
i amazon prime,24900000,0.0%
insatgram,24900000,0.0%
insta,24900000,0.0%
insta grams,24900000,0.0%
instagram%,24900000,0.0%
instagtam,24900000,0.0%
instarg,24900000,0.0%
instragram,24900000,0.0%
map - google,24900000,0.0%
map google,24900000,0.0%
mapping google,24900000,0.0%
maps gogl,24900000,0.0%
maps google,24900000,0.0%
màps google,24900000,0.0%
maps with google,24900000,0.0%
prime amazon,24900000,0.0%
ptargetf,24900000,0.0%
raggit,24900000,0.0%
stranlet,24900000,0.0%
stranlite,24900000,0.0%
targeted,24900000,0.0%
targeting,24900000,0.0%
teansla,24900000,0.0%
the google classroom,24900000,0.0%
the prime amazon,24900000,0.0%
this is translation,24900000,0.0%
trabs,24900000,0.0%
traget,24900000,0.0%
transel,24900000,0.0%
transelit,24900000,0.0%
translas,24900000,0.0%
translate in,24900000,0.0%
translate into,24900000,0.0%
translated into,24900000,0.0%
translateű,24900000,0.0%
translating,24900000,0.0%
translation into,24900000,0.0%
translations,24900000,0.0%
translesan,24900000,0.0%
translet,24900000,0.0%
translete,24900000,0.0%
transli,24900000,0.0%
translit,24900000,0.0%
trenset,24900000,0.0%
twanswate,24900000,0.0%
world,24868000,0.0%
facebook login,24820000,0.0%
score,24820000,0.0%
dmv,24682000,0.0%
geico,24660000,0.0%
msnbc,24640000,0.0%
wallpapers,24640000,0.0%
ihop,24610000,0.0%
qvc,24540000,0.0%
tjmaxx,24480000,0.0%
us map,24480000,0.0%
itunes,24410000,0.0%
air,24262000,0.0%
me,24141000,0.0%
donald trump,23940000,0.0%
vanguard,23790000,0.0%
flight,23556000,0.0%
girl,23505000,0.0%
buy,23400000,0.0%
jobs,23325000,0.0%
stock,23285000,0.0%
olive,22890000,0.0%
daily,22595000,0.0%
mcdonald's,22569000,0.0%
chick fil a,22440000,0.0%
credit karma,22440000,0.0%
navy,22440000,0.0%
directv,22400000,0.0%
uber eats,22400000,0.0%
yelp,22370000,0.0%
michaels,22228000,0.0%
dr google,22200000,0.0%
ups track,22200000,0.0%
ups tracking,22200000,0.0%
adp,22020000,0.0%
timer,21990000,0.0%
gucci,21970000,0.0%
flowers,21960000,0.0%
grubhub,21920000,0.0%
wwe,21920000,0.0%
vans,21749000,0.0%
nhl,21743000,0.0%
onlyfans,21710000,0.0%
google docs,21620000,0.0%
tsla,21606000,0.0%
shoes,21318000,0.0%
slide,21270000,0.0%
league,21182000,0.0%
super bowl,21170000,0.0%
sam's,20970000,0.0%
math,20920000,0.0%
office,20914000,0.0%
us postal,20768000,0.0%
flower,20680000,0.0%
of,20637000,0.0%
word,20469000,0.0%
daily mail,20450000,0.0%
ufc,20450000,0.0%
best buty,20400000,0.0%
best buy t,20400000,0.0%
best buyer,20400000,0.0%
best buying,20400000,0.0%
best buys,20400000,0.0%
best to buy,20400000,0.0%
betbay,20400000,0.0%
buy best,20400000,0.0%
buy the best,20400000,0.0%
buybest,20400000,0.0%
buyers best,20400000,0.0%
ctgflix,20400000,0.0%
doc google,20400000,0.0%
docs google,20400000,0.0%
"docs, google",20400000,0.0%
entfl,20400000,0.0%
etfwx,20400000,0.0%
euspa tracking,20400000,0.0%
gg docs,20400000,0.0%
google doc,20400000,0.0%
googledoc,20400000,0.0%
hn news,20400000,0.0%
iflix,20400000,0.0%
loewe,20400000,0.0%
low,20400000,0.0%
low-e,20400000,0.0%
low e,20400000,0.0%
lowe,20400000,0.0%
lowe&#39;s,20400000,0.0%
lowe’s,20400000,0.0%
mews,20400000,0.0%
n e s w,20400000,0.0%
n netflix,20400000,0.0%
"n,e,s,w",20400000,0.0%
nacewsey,20400000,0.0%
near restaurants,20400000,0.0%
nearby restaurants,20400000,0.0%
nearest restaurant,20400000,0.0%
nearest restaurants,20400000,0.0%
neclax,20400000,0.0%
neffex,20400000,0.0%
nesclix,20400000,0.0%
net fly,20400000,0.0%
netfi,20400000,0.0%
netflex,20400000,0.0%
netflix',20400000,0.0%
netflix n,20400000,0.0%
netflixing,20400000,0.0%
netflixs,20400000,0.0%
netfri,20400000,0.0%
netix,20400000,0.0%
new's,20400000,0.0%
newj,20400000,0.0%
news ws,20400000,0.0%
newses,20400000,0.0%
newsne,20400000,0.0%
nexs,20400000,0.0%
next flick,20400000,0.0%
nextfloor,20400000,0.0%
nextfly,20400000,0.0%
nextpax,20400000,0.0%
nfdix,20400000,0.0%
nitfx,20400000,0.0%
nrfyx,20400000,0.0%
nyuz,20400000,0.0%
postal tracking usps,20400000,0.0%
restaurant near,20400000,0.0%
restaurant nearby,20400000,0.0%
restaurants near,20400000,0.0%
restaurants nearby,20400000,0.0%
restaurants nearby?,20400000,0.0%
restraunt,20400000,0.0%
restua,20400000,0.0%
restur,20400000,0.0%
track us post,20400000,0.0%
track usps,20400000,0.0%
tracking us,20400000,0.0%
tracking us post,20400000,0.0%
tracking usps,20400000,0.0%
us post tracking,20400000,0.0%
us postal tracking,20400000,0.0%
us tracker,20400000,0.0%
us tracking,20400000,0.0%
usps postal tracking,20400000,0.0%
usps tr,20400000,0.0%
usps track,20400000,0.0%
usps tracker,20400000,0.0%
uspstracking,20400000,0.0%
club,20376000,0.0%
nyc,20342000,0.0%
hot,20332000,0.0%
instacart,20160000,0.0%
mp3 juice,20160000,0.0%
vrbo,20160000,0.0%
zara,20130000,0.0%
nytimes,20100000,0.0%
time,20024000,0.0%
i ready,20023000,0.0%
rack,20000000,0.0%
seesaw,20000000,0.0%
wells fargo,19950000,0.0%
king,19890000,0.0%
spider,19615000,0.0%
bmi,19578000,0.0%
fitbit,19520000,0.0%
anime,19500000,0.0%
crocs,19340000,0.0%
titanic,19220000,0.0%
bbc news,19180000,0.0%
ticketmaster,19180000,0.0%
wiki,19180000,0.0%
honda,19000000,0.0%
slack,18980000,0.0%
etrade,18940000,0.0%
rent,18890000,0.0%
pnc bank,18680000,0.0%
jordan,18668000,0.0%
huffpost,18459000,0.0%
joker,18400000,0.0%
google news,18360000,0.0%
taco bell,18360000,0.0%
tj,18360000,0.0%
tj maxx,18360000,0.0%
worldstarhiphop,18360000,0.0%
usaa,18300000,0.0%
capone,18280000,0.0%
fedex tracking,18280000,0.0%
roblox's,18280000,0.0%
sam's club,18280000,0.0%
test speed,18280000,0.0%
quizizz,18000000,0.0%
fortnite,17770000,0.0%
disney,17580000,0.0%
aldi,17540000,0.0%
overstock,17510000,0.0%
victoria's,17240000,0.0%
periodic,17118000,0.0%
mortgage,17088000,0.0%
shark,17022000,0.0%
subaru,17000000,0.0%
horoscope,16990000,0.0%
funny,16966000,0.0%
googlecom,16750000,0.0%
burger king,16620000,0.0%
gas station,16620000,0.0%
mcds,16620000,0.0%
-rw-r--r-- calculator,16600000,0.0%
a in english from spanish,16600000,0.0%
a in spanish to english,16600000,0.0%
bookface login,16600000,0.0%
cacu later,16600000,0.0%
calcu,16600000,0.0%
calculation,16600000,0.0%
calula,16600000,0.0%
doe jones,16600000,0.0%
dow jon,16600000,0.0%
dow jone,16600000,0.0%
dowe jones,16600000,0.0%
dowel jones,16600000,0.0%
dowjones,16600000,0.0%
dows jone,16600000,0.0%
eng in spanish,16600000,0.0%
english-spanish,16600000,0.0%
english for spanish,16600000,0.0%
english in spanish,16600000,0.0%
english spain,16600000,0.0%
english spanish,16600000,0.0%
english to spani,16600000,0.0%
english to spanish,16600000,0.0%
es m,16600000,0.0%
esp pn,16600000,0.0%
espk,16600000,0.0%
espn =,16600000,0.0%
espn n,16600000,0.0%
espn.,16600000,0.0%
espns,16600000,0.0%
expn,16600000,0.0%
f.o.o.d,16600000,0.0%
façe book login,16600000,0.0%
fàce book login,16600000,0.0%
face böok login,16600000,0.0%
facebook book login,16600000,0.0%
facebook log in to,16600000,0.0%
facebooķ login,16600000,0.0%
faceboôk login,16600000,0.0%
facebôok login,16600000,0.0%
façebook login,16600000,0.0%
fácebook login,16600000,0.0%
fàcebook login,16600000,0.0%
facebook login with,16600000,0.0%
facebook logout,16600000,0.0%
facebook to login,16600000,0.0%
"facebook, login",16600000,0.0%
facebook. login,16600000,0.0%
facebook/login,16600000,0.0%
facebook+login,16600000,0.0%
feysbuk login,16600000,0.0%
food near me,16600000,0.0%
food near to me,16600000,0.0%
food near. me,16600000,0.0%
food. near me,16600000,0.0%
food.near me,16600000,0.0%
foods near me,16600000,0.0%
fäcebook log in,16600000,0.0%
fäcebook login,16600000,0.0%
gomel,16600000,0.0%
gotmail,16600000,0.0%
gow jones,16600000,0.0%
hostmail,16600000,0.0%
hot mail,16600000,0.0%
hotmailö,16600000,0.0%
hotmaiñl,16600000,0.0%
hotmat,16600000,0.0%
in spanish to english,16600000,0.0%
ispn,16600000,0.0%
log in fa,16600000,0.0%
log into,16600000,0.0%
log into facebook,16600000,0.0%
log into fb,16600000,0.0%
log with facebook,16600000,0.0%
logged in to facebook,16600000,0.0%
logged in with facebook,16600000,0.0%
logging in with facebook,16600000,0.0%
logging into facebook,16600000,0.0%
login fa,16600000,0.0%
login facebook,16600000,0.0%
login into facebook,16600000,0.0%
login to facebook,16600000,0.0%
login with facebook,16600000,0.0%
logout facebook,16600000,0.0%
logout of facebook,16600000,0.0%
mail hot,16600000,0.0%
nachrichten für luftfahrer,16600000,0.0%
near me food,16600000,0.0%
near me restaurant,16600000,0.0%
near me restaurants,16600000,0.0%
near restaurant by me,16600000,0.0%
near restaurant me,16600000,0.0%
near restaurant to me,16600000,0.0%
near restaurants by me,16600000,0.0%
near to me restaurant,16600000,0.0%
near to me restaurants,16600000,0.0%
nearby me food,16600000,0.0%
nearby me restaurant,16600000,0.0%
nearby me restaurants,16600000,0.0%
nearby restaurant to me,16600000,0.0%
nearby restaurants menu,16600000,0.0%
nearby restaurants to me,16600000,0.0%
nearest restaurant to me,16600000,0.0%
nearest restaurants to me,16600000,0.0%
nfl's,16600000,0.0%
niyfl,16600000,0.0%
restaurant near me,16600000,0.0%
restaurant near to me,16600000,0.0%
restaurants in near me,16600000,0.0%
restaurants near me,16600000,0.0%
restaurants near to me,16600000,0.0%
soanish.to english,16600000,0.0%
spain,16600000,0.0%
spain english,16600000,0.0%
spain in english,16600000,0.0%
spain to eng,16600000,0.0%
span english,16600000,0.0%
span to eng,16600000,0.0%
spanish english,16600000,0.0%
spanish for english,16600000,0.0%
spanish into english,16600000,0.0%
spanish to en,16600000,0.0%
spanish to engi,16600000,0.0%
spanish to english,16600000,0.0%
spanish to english.,16600000,0.0%
spanning in english,16600000,0.0%
the restaurant near me,16600000,0.0%
traducta,16600000,0.0%
traductor l,16600000,0.0%
traductor q,16600000,0.0%
wellsfargo,16600000,0.0%
west fargo,16600000,0.0%
yotmail,16600000,0.0%
you#ube,16600000,0.0%
zillow.,16600000,0.0%
zillows,16600000,0.0%
zwillo,16600000,0.0%
house,16598000,0.0%
christmas,16514000,0.0%
girls,16498000,0.0%
cnbc,16440000,0.0%
lululemon,16360000,0.0%
love,16276000,0.0%
quarantine,16220000,0.0%
citibank,16213000,0.0%
pacsun,16140000,0.0%
dollar tree,16120000,0.0%
barcelona,16000000,0.0%
kfc,15980000,0.0%
irs,15930000,0.0%
online,15924000,0.0%
at&t,15901000,0.0%
discover,15863000,0.0%
tattoo,15770000,0.0%
menu,15749000,0.0%
dunkin,15743000,0.0%
advance,15680000,0.0%
la,15451000,0.0%
soap2day,15440000,0.0%
ace,15430000,0.0%
a,15410000,0.0%
bjs,15270000,0.0%
search,15004000,0.0%
analytics,15000000,0.0%
easybib,15000000,0.0%
fortnite tracker,15000000,0.0%
sudoku,15000000,0.0%
sushi,15000000,0.0%
twitches,15000000,0.0%
where's,15000000,0.0%
dollar,14986000,0.0%
watch,14967000,0.0%
american airlines,14960000,0.0%
car guru,14960000,0.0%
clima,14960000,0.0%
cool maths games,14960000,0.0%
fil a,14960000,0.0%
karma,14960000,0.0%
math cool games,14960000,0.0%
math games,14960000,0.0%
old,14960000,0.0%
america's,14857000,0.0%
krunker,14814000,0.0%
xbox,14688000,0.0%
apartments,14653000,0.0%
amtrak,14640000,0.0%
vistaprint,14640000,0.0%
kohl's,14446000,0.0%
pig,14424000,0.0%
dog,14346000,0.0%
dhl,14300000,0.0%
ny,14300000,0.0%
drudge,14280000,0.0%
mercedes,14230000,0.0%
buzzfeed,14173000,0.0%
recipes,14154000,0.0%
kelly,14149000,0.0%
tok,14090000,0.0%
halloween,14000000,0.0%
subway,13999000,0.0%
macys,13968000,0.0%
petsmart,13806000,0.0%
finance,13790000,0.0%
applebee's,13700000,0.0%
offer up,13700000,0.0%
frozen,13681000,0.0%
price,13640000,0.0%
's maps,13600000,0.0%
?tw,13600000,0.0%
</map>,13600000,0.0%
a bank of america,13600000,0.0%
air port,13600000,0.0%
airp,13600000,0.0%
america's bank,13600000,0.0%
america back,13600000,0.0%
america bank,13600000,0.0%
american back,13600000,0.0%
american bank,13600000,0.0%
american bank of,13600000,0.0%
american bank.,13600000,0.0%
american banking,13600000,0.0%
american banks,13600000,0.0%
american of bank,13600000,0.0%
americanbank,13600000,0.0%
americas bank,13600000,0.0%
annba,13600000,0.0%
arpot,13600000,0.0%
arpt,13600000,0.0%
bank america,13600000,0.0%
bank if america,13600000,0.0%
bank in america,13600000,0.0%
bank of a america,13600000,0.0%
bank of america na,13600000,0.0%
bank of americard,13600000,0.0%
bank of the america,13600000,0.0%
banking in america,13600000,0.0%
bankofamerica,13600000,0.0%
banks in america,13600000,0.0%
dom-ino,13600000,0.0%
dom ino,13600000,0.0%
domino&#39;s,13600000,0.0%
dominos s,13600000,0.0%
gfl scores,13600000,0.0%
gmapq,13600000,0.0%
heltel,13600000,0.0%
hotcl,13600000,0.0%
i n d e e d,13600000,0.0%
indeed .,13600000,0.0%
indemad,13600000,0.0%
m sn,13600000,0.0%
ma maps,13600000,0.0%
maceys,13600000,0.0%
macy,13600000,0.0%
macy&#39;s,13600000,0.0%
macy_s,13600000,0.0%
macy’s,13600000,0.0%
madys,13600000,0.0%
main maps,13600000,0.0%
map '],13600000,0.0%
map ping,13600000,0.0%
mapped,13600000,0.0%
mapper,13600000,0.0%
mappers,13600000,0.0%
mappings,13600000,0.0%
maps 'm,13600000,0.0%
maps m,13600000,0.0%
mapsmg,13600000,0.0%
mpsn,13600000,0.0%
msmn,13600000,0.0%
msmo,13600000,0.0%
msn 's,13600000,0.0%
msn s,13600000,0.0%
mssmn,13600000,0.0%
mswan,13600000,0.0%
nba's,13600000,0.0%
nban,13600000,0.0%
nbas,13600000,0.0%
nbba,13600000,0.0%
nbcos,13600000,0.0%
ndnba,13600000,0.0%
nfl #cores,13600000,0.0%
nfl score,13600000,0.0%
nfl scoring,13600000,0.0%
of america bank,13600000,0.0%
peppa pig,13600000,0.0%
popular google doodle game,13600000,0.0%
popular google doodle games,13600000,0.0%
s maps,13600000,0.0%
score nfl,13600000,0.0%
scores nfl,13600000,0.0%
smcys,13600000,0.0%
t twitter,13600000,0.0%
t w,13600000,0.0%
tivitter,13600000,0.0%
toastr,13600000,0.0%
tvit,13600000,0.0%
tw i tter,13600000,0.0%
tw t,13600000,0.0%
tweether,13600000,0.0%
twete,13600000,0.0%
twirt,13600000,0.0%
twite,13600000,0.0%
twite -twitter,13600000,0.0%
twitie,13600000,0.0%
twitter 's,13600000,0.0%
twitter s,13600000,0.0%
twitter/,13600000,0.0%
twittered,13600000,0.0%
twittering,13600000,0.0%
twitteru,13600000,0.0%
twitts,13600000,0.0%
twtote,13600000,0.0%
twtr,13600000,0.0%
twtvite,13600000,0.0%
4chan,13500000,0.0%
peloton,13500000,0.0%
joann,13460000,0.0%
cocomelon,13450000,0.0%
allegiant,13440000,0.0%
outlook 365,13440000,0.0%
audible,13420000,0.0%
uscis,13420000,0.0%
publix,13400000,0.0%
un,13400000,0.0%
bears,13320000,0.0%
cbs,13213000,0.0%
abc news,13200000,0.0%
ncaa,13180000,0.0%
i,13074000,0.0%
real madrid,12810000,0.0%
wish,12810000,0.0%
udemy,12787000,0.0%
free,12545000,0.0%
flights,12470000,0.0%
roku,12446000,0.0%
memes,12374000,0.0%
cartoon,12345000,0.0%
corona,12345000,0.0%
parasite,12330000,0.0%
wings,12298000,0.0%
amazoncom,12270000,0.0%
comazon,12270000,0.0%
drudge report,12270000,0.0%
google slide,12270000,0.0%
office depot,12270000,0.0%
iphone 1,12240000,0.0%
lakers,12240000,0.0%
map of the usa,12240000,0.0%
maxx,12240000,0.0%
victoria secret,12240000,0.0%
victoria secrets,12240000,0.0%
call,12200000,0.0%
drawing,12200000,0.0%
samsung,12200000,0.0%
tripadvisor,12200000,0.0%
unscramble,12200000,0.0%
videos,12150000,0.0%
johns,12091000,0.0%
real,12069000,0.0%
lion,12009000,0.0%
benz,12000000,0.0%
chegg,12000000,0.0%
experian,12000000,0.0%
rakuten,12000000,0.0%
tumblr,12000000,0.0%
cars,11983000,0.0%
game,11951000,0.0%
putlocker,11820000,0.0%
star wars,11716000,0.0%
chili's,11706000,0.0%
livescore,11700000,0.0%
yoda,11696000,0.0%
internet,11609000,0.0%
tracker,11600000,0.0%
chase online,11570000,0.0%
gomovies,11550000,0.0%
imgur,11522000,0.0%
49ers,11520000,0.0%
meghan,11520000,0.0%
ll bean,11490000,0.0%
laptop,11472000,0.0%
adobe,11445000,0.0%
texas,11442000,0.0%
shopify,11434000,0.0%
traducir,11410000,0.0%
meme,11396000,0.0%
champions,11390000,0.0%
gacha,11350000,0.0%
and,11226000,0.0%
dsw,11200000,0.0%
nascar,11200000,0.0%
post malone,11200000,0.0%
guardian,11195000,0.0%
day,11175000,0.0%
пщщпду вкшму,11100000,0.0%
لخخلمث يقهدث,11100000,0.0%
a pizza hut,11100000,0.0%
aól mail,11100000,0.0%
aol.in mail,11100000,0.0%
aol/mail,11100000,0.0%
aol+mail,11100000,0.0%
dr. google,11100000,0.0%
drive for google,11100000,0.0%
drive google,11100000,0.0%
driving google,11100000,0.0%
filemail,11100000,0.0%
geps tracking,11100000,0.0%
gg drive,11100000,0.0%
gogñe drive,11100000,0.0%
google cldrive,11100000,0.0%
google di,11100000,0.0%
google dr,11100000,0.0%
google drev,11100000,0.0%
goôgle drive,11100000,0.0%
gòogle drive,11100000,0.0%
gôogle drive,11100000,0.0%
google drive r,11100000,0.0%
google drivers,11100000,0.0%
google drives,11100000,0.0%
google driving,11100000,0.0%
google drivy,11100000,0.0%
google odrive,11100000,0.0%
google+drive,11100000,0.0%
hut pizza,11100000,0.0%
huts pizza,11100000,0.0%
hutt pizza,11100000,0.0%
kohl,11100000,0.0%
mail aol,11100000,0.0%
nbhi,11100000,0.0%
ogreens,11100000,0.0%
papayl,11100000,0.0%
pâpl,11100000,0.0%
papyl,11100000,0.0%
pay pañ,11100000,0.0%
paypo,11100000,0.0%
pizza hit,11100000,0.0%
pizza hut,11100000,0.0%
pizza hut hut,11100000,0.0%
pizza huts,11100000,0.0%
pizzahot,11100000,0.0%
play pal,11100000,0.0%
play pla,11100000,0.0%
plaza hut,11100000,0.0%
the drive google,11100000,0.0%
theump,11100000,0.0%
thrup,11100000,0.0%
track ups,11100000,0.0%
tracking ups,11100000,0.0%
trolp,11100000,0.0%
truck ups,11100000,0.0%
trump's,11100000,0.0%
trump@,11100000,0.0%
trumped,11100000,0.0%
trumped!,11100000,0.0%
trumping,11100000,0.0%
trumps,11100000,0.0%
truno,11100000,0.0%
trup,11100000,0.0%
upds tracking,11100000,0.0%
upost tracking,11100000,0.0%
ups tracker,11100000,0.0%
ups tracking #s,11100000,0.0%
ups truck,11100000,0.0%
ups with tracking,11100000,0.0%
upsc tracking,11100000,0.0%
upaa,11100000,0.0%
walgreen,11100000,0.0%
wall green,11100000,0.0%
capital,11096000,0.0%
pink,11050000,0.0%
new york,11026000,0.0%
pacman,11000000,0.0%
ymca,11000000,0.0%
chief,10980000,0.0%
patagonia,10980000,0.0%
pirate,10980000,0.0%
synonyms,10980000,0.0%
trulia,10980000,0.0%
chewy,10960000,0.0%
eagles,10960000,0.0%
horoscopes,10960000,0.0%
markle,10960000,0.0%
outfitters,10960000,0.0%
packers,10960000,0.0%
yankees,10960000,0.0%
o'reilly,10950000,0.0%
unblocked,10950000,0.0%
mychart,10938000,0.0%
chicago,10933000,0.0%
rainbow,10868000,0.0%
cowboy,10860000,0.0%
bieber,10830000,0.0%
converter,10747000,0.0%
translator,10740000,0.0%
in,10727000,0.0%
docusign,10699000,0.0%
eczema,10699000,0.0%
redbubble,10699000,0.0%
mp3 youtube,10673000,0.0%
youtube mp3,10673000,0.0%
lottery,10609000,0.0%
panda express,10600000,0.0%
find,10550000,0.0%
aesthetic,10540000,0.0%
for,10509000,0.0%
bts,10500000,0.0%
onedrive,10500000,0.0%
app,10487000,0.0%
california,10466000,0.0%
bulldog,10450000,0.0%
times,10413000,0.0%
kids,10407000,0.0%
phoenix,10371000,0.0%
star,10320000,0.0%
wishes,10254000,0.0%
redskins,10203000,0.0%
office 365,10158000,0.0%
starfall,10095000,0.0%
credit,10071000,0.0%
wars,10068000,0.0%
domino's pizza,10050000,0.0%
juice wrld,10050000,0.0%
marshall,10050000,0.0%
smile amazon,10050000,0.0%
wingstop,10050000,0.0%
wrld,10050000,0.0%
zendaya,10040000,0.0%
dinosaur,10022000,0.0%
grocery store,10000000,0.0%
menard,10000000,0.0%
nba score,10000000,0.0%
spectra,10000000,0.0%
the urban dictionary,10000000,0.0%
urban dictionary,10000000,0.0%
quote,9992000,0.0%
chelsea,9972000,0.0%
account,9891000,0.0%
orbitz,9880000,0.0%
mickey,9876000,0.0%
net,9876000,0.0%
shrek,9876000,0.0%
my,9845000,0.0%
live,9832000,0.0%
movierulz,9814000,0.0%
rottweiler,9799000,0.0%
image,9794000,0.0%
asos,9760000,0.0%
cash,9760000,0.0%
deviant,9760000,0.0%
marriott,9760000,0.0%
mymathlab,9760000,0.0%
pneumonia,9760000,0.0%
slickdeals,9760000,0.0%
portal,9758000,0.0%
wolf,9730000,0.0%
stock market,9720000,0.0%
hairstyles,9706000,0.0%
steelers,9696000,0.0%
kardashian,9660000,0.0%
td ameritrade,9633000,0.0%
man,9622000,0.0%
u haul,9600000,0.0%
pewdiepie,9596000,0.0%
spirit,9595000,0.0%
foods,9590000,0.0%
unspeakable,9568000,0.0%
bay,9560000,0.0%
great,9510000,0.0%
bed,9508000,0.0%
dorian,9487000,0.0%
united,9455000,0.0%
joe's,9440000,0.0%
photos,9430000,0.0%
compass,9422000,0.0%
grey's,9368000,0.0%
skyscanner,9320000,0.0%
hedgehog,9300000,0.0%
power,9296000,0.0%
security,9261000,0.0%
airline,9198000,0.0%
madrid,9150000,0.0%
@etsy,9140000,0.0%
дштлув,9140000,0.0%
пщщпду адшпреы,9140000,0.0%
bath bed and beyond,9140000,0.0%
bed bath & beyond,9140000,0.0%
bed bath and beyond,9140000,0.0%
bed bath andb eyond,9140000,0.0%
bedbathandbeyond,9140000,0.0%
betaspeedtest,9140000,0.0%
capital+one,9140000,0.0%
capones,9140000,0.0%
ecex tracking,9140000,0.0%
esty -shop,9140000,0.0%
etsley,9140000,0.0%
etsy's,9140000,0.0%
etsy.,9140000,0.0%
fed -ex tracking,9140000,0.0%
fed ex tracking,9140000,0.0%
federal track,9140000,0.0%
fedex ex tracking,9140000,0.0%
fedex tr,9140000,0.0%
fedex track,9140000,0.0%
fiif,9140000,0.0%
fintrest,9140000,0.0%
flights google,9140000,0.0%
foo'd,9140000,0.0%
foo’d,9140000,0.0%
foodes,9140000,0.0%
foodo,9140000,0.0%
foodx,9140000,0.0%
gas stats,9140000,0.0%
google inflight,9140000,0.0%
google. flights,9140000,0.0%
googlefight,9140000,0.0%
iinet,9140000,0.0%
lienkdin,9140000,0.0%
lingkin,9140000,0.0%
linkd in,9140000,0.0%
linkedin inn,9140000,0.0%
linkedlinked,9140000,0.0%
linkedln,9140000,0.0%
linkeling,9140000,0.0%
linking,9140000,0.0%
links,9140000,0.0%
mac donalds,9140000,0.0%
maldonas,9140000,0.0%
mcdonald&#39;s,9140000,0.0%
mcdonald’s,9140000,0.0%
mcdonalds s,9140000,0.0%
mytsy,9140000,0.0%
net speed,9140000,0.0%
one capital,9140000,0.0%
pin teres,9140000,0.0%
pininterest,9140000,0.0%
pinterest ]\\,9140000,0.0%
pinterest t,9140000,0.0%
pintess,9140000,0.0%
printrust,9140000,0.0%
redt,9140000,0.0%
roblok,9140000,0.0%
robloox,9140000,0.0%
roblox t,9140000,0.0%
roblox with,9140000,0.0%
roblox.,9140000,0.0%
ryipx,9140000,0.0%
s peedtest,9140000,0.0%
sa sc ub,9140000,0.0%
sak club,9140000,0.0%
sam's clubs,9140000,0.0%
sam's/club,9140000,0.0%
sam club,9140000,0.0%
sam&#39;s club,9140000,0.0%
sams club,9140000,0.0%
samsclub,9140000,0.0%
sfoaodt,9140000,0.0%
sp eedtest,9140000,0.0%
spdy test,9140000,0.0%
speed's test,9140000,0.0%
speed meter,9140000,0.0%
speed test t,9140000,0.0%
speed teste,9140000,0.0%
speed&#39;s test,9140000,0.0%
speeding test,9140000,0.0%
speedtest,9140000,0.0%
speedtest s,9140000,0.0%
speedtester,9140000,0.0%
speedtestnet,9140000,0.0%
spep,9140000,0.0%
spped test,9140000,0.0%
station,9140000,0.0%
test my,9140000,0.0%
test of speed,9140000,0.0%
testing speed,9140000,0.0%
tomorrow's weather,9140000,0.0%
tomorrow weather,9140000,0.0%
tood,9140000,0.0%
track fedex,9140000,0.0%
tracking fedex,9140000,0.0%
wairfaire,9140000,0.0%
weather for tomorrow,9140000,0.0%
weather of tomorrow,9140000,0.0%
weather tom,9140000,0.0%
weather tomorrow,9140000,0.0%
www,9140000,0.0%
zoo med,9140000,0.0%
zoomed,9140000,0.0%
zooming,9140000,0.0%
zooms,9140000,0.0%
burger,9128000,0.0%
black,9120000,0.0%
states,9120000,0.0%
stubhub,9100000,0.0%
firefox,9053000,0.0%
studentvue,9053000,0.0%
tillys,9053000,0.0%
xfinity,9026000,0.0%
arsenal,9000000,0.0%
carfax,9000000,0.0%
friends,9000000,0.0%
mathway,9000000,0.0%
mypay,9000000,0.0%
uniqlo,9000000,0.0%
liverpool,8990000,0.0%
adp login,8960000,0.0%
ariana,8960000,0.0%
burlington,8960000,0.0%
eats,8960000,0.0%
farm,8960000,0.0%
goodwill,8960000,0.0%
lebron,8960000,0.0%
mapquest,8960000,0.0%
msn news,8960000,0.0%
tinder,8960000,0.0%
valentine's,8960000,0.0%
whatsapp web,8960000,0.0%
whitepages,8960000,0.0%
world map,8960000,0.0%
max,8942000,0.0%
hertz,8900000,0.0%
chicken,8893000,0.0%
trump news,8853000,0.0%
balenciaga,8840000,0.0%
houses,8833000,0.0%
google flights,8830000,0.0%
marshmello,8792000,0.0%
happy,8774000,0.0%
baby,8723000,0.0%
labcorp,8720000,0.0%
naruto,8720000,0.0%
foot locker,8700000,0.0%
downloader,8670000,0.0%
wizard of oz,8570000,0.0%
york,8543000,0.0%
pubmed,8540000,0.0%
stockx,8540000,0.0%
thehill,8540000,0.0%
wattpad,8540000,0.0%
zulily,8540000,0.0%
haircut,8529000,0.0%
spy,8500000,0.0%
napa,8453000,0.0%
play store,8414000,0.0%
phone,8250000,0.0%
yeezy,8236000,0.0%
apple store,8220000,0.0%
groupon,8220000,0.0%
imdb,8220000,0.0%
jetblue,8220000,0.0%
mega million,8220000,0.0%
meghan markle,8220000,0.0%
offer,8220000,0.0%
social security,8220000,0.0%
weather radar,8220000,0.0%
zodiac,8220000,0.0%
barnes,8180000,0.0%
dailymail,8180000,0.0%
google scholar,8180000,0.0%
google slides,8180000,0.0%
kelley,8180000,0.0%
kelley blue book,8180000,0.0%
kroger's,8180000,0.0%
liquor store,8180000,0.0%
lysol,8180000,0.0%
party city,8180000,0.0%
patriots,8180000,0.0%
tractor,8180000,0.0%
fashion nova,8140000,0.0%
ny post,8140000,0.0%
web,8140000,0.0%
youtube music,8140000,0.0%
barack,8080000,0.0%
fiverr,8076000,0.0%
chinese,8024000,0.0%
crazy games,8000000,0.0%
john,7979000,0.0%
furniture,7963000,0.0%
avatar,7953000,0.0%
channel,7891000,0.0%
flamingo,7888000,0.0%
sale,7870000,0.0%
pbs,7868000,0.0%
market,7857000,0.0%
anonymous,7830000,0.0%
raiders,7830000,0.0%
lego,7823000,0.0%
park,7798000,0.0%
background,7688000,0.0%
raven,7688000,0.0%
go,7687000,0.0%
indian,7673000,0.0%
pharmacy,7512000,0.0%
ancestry,7500000,0.0%
arby's,7500000,0.0%
breaking,7500000,0.0%
grocery,7500000,0.0%
hustle,7500000,0.0%
justin,7500000,0.0%
pbs kids,7500000,0.0%
poshmark,7500000,0.0%
tiger,7500000,0.0%
usajobs,7500000,0.0%
venmo,7500000,0.0%
's american airlines,7480000,0.0%
%old navy,7480000,0.0%
е ьщишду,7480000,0.0%
фшкити,7480000,0.0%
イケア,7480000,0.0%
aà,7480000,0.0%
àa,7480000,0.0%
àà,7480000,0.0%
air american,7480000,0.0%
air b n b,7480000,0.0%
air bin,7480000,0.0%
air bnb,7480000,0.0%
air nb,7480000,0.0%
airline of america,7480000,0.0%
amarican airlines,7480000,0.0%
america air lines,7480000,0.0%
america airlines,7480000,0.0%
american airline,7480000,0.0%
american airlines airline,7480000,0.0%
american airlines airlines,7480000,0.0%
american airliness,7480000,0.0%
american airway,7480000,0.0%
americanair,7480000,0.0%
atozuke,7480000,0.0%
auto-zone,7480000,0.0%
autozone.,7480000,0.0%
bath and,7480000,0.0%
bed and bath beyond,7480000,0.0%
bed bath beyond,7480000,0.0%
bing's,7480000,0.0%
bongs,7480000,0.0%
caqr gurus,7480000,0.0%
car gurus,7480000,0.0%
car gus,7480000,0.0%
carguide,7480000,0.0%
cars guru,7480000,0.0%
chacee,7480000,0.0%
chaser,7480000,0.0%
chaser's,7480000,0.0%
chasers,7480000,0.0%
chases,7480000,0.0%
chasing,7480000,0.0%
chick-fil-a,7480000,0.0%
chick a fil,7480000,0.0%
chick a fil a,7480000,0.0%
chick fil >; a,7480000,0.0%
chick fil la,7480000,0.0%
chicka,7480000,0.0%
chicka filla,7480000,0.0%
chse,7480000,0.0%
cima,7480000,0.0%
cjae,7480000,0.0%
claims,7480000,0.0%
clien,7480000,0.0%
clim,7480000,0.0%
climas,7480000,0.0%
climate,7480000,0.0%
climna,7480000,0.0%
clina,7480000,0.0%
clma,7480000,0.0%
cloma,7480000,0.0%
cool game math,7480000,0.0%
cool games math,7480000,0.0%
cool games maths,7480000,0.0%
cool mario games,7480000,0.0%
cool math >-< games,7480000,0.0%
cool math ag,7480000,0.0%
cool math agem,7480000,0.0%
cool math ga,7480000,0.0%
cool math games'],7480000,0.0%
cool math games c,7480000,0.0%
cool math games for free,7480000,0.0%
cool math games free,7480000,0.0%
cool math games\\,7480000,0.0%
cool math gm,7480000,0.0%
cool maths ag,7480000,0.0%
cool maths game,7480000,0.0%
coôl maths games,7480000,0.0%
cooler math game,7480000,0.0%
cooling math games,7480000,0.0%
coolmath4kids,7480000,0.0%
coolmath4kids games,7480000,0.0%
coolmathgame,7480000,0.0%
coolmathgames,7480000,0.0%
coolmathgames.,7480000,0.0%
coolmathgameskids,7480000,0.0%
covid 19,7480000,0.0%
credit \karma,7480000,0.0%
creditkarma,7480000,0.0%
cst guru,7480000,0.0%
disney plus,7480000,0.0%
donald,7480000,0.0%
donald trumpets,7480000,0.0%
donald trumpism,7480000,0.0%
downsald trump,7480000,0.0%
fil,7480000,0.0%
flight google,7480000,0.0%
game math cool,7480000,0.0%
game p,7480000,0.0%
game stopping,7480000,0.0%
game top,7480000,0.0%
gamemop,7480000,0.0%
gamers stop,7480000,0.0%
games cool math,7480000,0.0%
games math cool,7480000,0.0%
games top,7480000,0.0%
gamestop store,7480000,0.0%
gamstop,7480000,0.0%
gas stations,7480000,0.0%
google flight,7480000,0.0%
googleflight,7480000,0.0%
guru car,7480000,0.0%
guru cars,7480000,0.0%
gurus cars,7480000,0.0%
hobby,7480000,0.0%
hobby lobby,7480000,0.0%
hobbyhobby,7480000,0.0%
hulavi,7480000,0.0%
ikne,7480000,0.0%
jtmobile,7480000,0.0%
karma credit,7480000,0.0%
lobby,7480000,0.0%
math games that are cool,7480000,0.0%
math is cool games,7480000,0.0%
maths cool games,7480000,0.0%
mtimobile,7480000,0.0%
myusps,7480000,0.0%
near me walmart,7480000,0.0%
nearest walmart by me,7480000,0.0%
nearest walmart to me,7480000,0.0%
nintendo - switch,7480000,0.0%
nintendo switch,7480000,0.0%
nintendo switches,7480000,0.0%
njautozone,7480000,0.0%
nordstrom's,7480000,0.0%
nordstrom.,7480000,0.0%
o egle,7480000,0.0%
old navy,7480000,0.0%
oldnavy,7480000,0.0%
opd navy,7480000,0.0%
plus disney,7480000,0.0%
sm autozone,7480000,0.0%
star buck,7480000,0.0%
star bucks,7480000,0.0%
starbu,7480000,0.0%
starbuck,7480000,0.0%
startbucks,7480000,0.0%
switch nintendo,7480000,0.0%
switches nintendo,7480000,0.0%
t-mobile,7480000,0.0%
t mobile s,7480000,0.0%
t mobiles,7480000,0.0%
tele mobile,7480000,0.0%
telekom mobile,7480000,0.0%
tfmobile,7480000,0.0%
the cool math games,7480000,0.0%
tmr weather,7480000,0.0%
tomorrow&#39;s weather,7480000,0.0%
tomorrows weather,7480000,0.0%
trumpet donald,7480000,0.0%
tt mobile,7480000,0.0%
ukhps,7480000,0.0%
um-sps,7480000,0.0%
um sps,7480000,0.0%
usp-s,7480000,0.0%
usp a,7480000,0.0%
uspml,7480000,0.0%
uspo,7480000,0.0%
vuebnb,7480000,0.0%
walmart near me,7480000,0.0%
walmart nearby me,7480000,0.0%
walmart nearest me,7480000,0.0%
walmart nearest to me,7480000,0.0%
walmart nest e,7480000,0.0%
walmart. near me,7480000,0.0%
walmarts near me,7480000,0.0%
weather for tom,7480000,0.0%
weathercast for tomorrow,7480000,0.0%
laundromat,7469000,0.0%
forecast,7450000,0.0%
buffalo,7440000,0.0%
car rental,7440000,0.0%
forever 21,7440000,0.0%
popeye,7440000,0.0%
wild,7440000,0.0%
bad bunny,7407000,0.0%
japan,7407000,0.0%
mailchimp,7407000,0.0%
minesweeper,7407000,0.0%
pitbull,7407000,0.0%
github,7403000,0.0%
sign in,7392000,0.0%
white,7368000,0.0%
iphone 11,7340000,0.0%
quotes,7338000,0.0%
apartment,7320000,0.0%
beetlejuice,7320000,0.0%
beyonce,7320000,0.0%
cash app,7320000,0.0%
david's,7320000,0.0%
draw,7320000,0.0%
goodrx,7320000,0.0%
google play,7320000,0.0%
halsey,7320000,0.0%
hyundai,7320000,0.0%
journey,7320000,0.0%
mediatakeout,7320000,0.0%
shoprite,7320000,0.0%
thepiratebay,7320000,0.0%
torrid,7320000,0.0%
western union,7320000,0.0%
yamaha,7320000,0.0%
youtube downloader,7320000,0.0%
city,7316000,0.0%
gold,7280000,0.0%
chilli,7270000,0.0%
voice,7270000,0.0%
chili,7241000,0.0%
epic games,7220000,0.0%
lulus,7220000,0.0%
supreme,7220000,0.0%
heart,7204000,0.0%
adwords,7150000,0.0%
taurus,7150000,0.0%
instant pot,7100000,0.0%
pier,7100000,0.0%
hardware,7009000,0.0%
bloomberg,7000000,0.0%
godaddy,7000000,0.0%
honey,7000000,0.0%
homes,6965000,0.0%
school,6952000,0.0%
booking,6884000,0.0%
led,6884000,0.0%
resume,6868000,0.0%
convert,6864000,0.0%
goat,6823000,0.0%
today,6781000,0.0%
tom,6757000,0.0%
emoji,6750000,0.0%
lexus,6730000,0.0%
names,6730000,0.0%
penguin,6730000,0.0%
unicorn,6730000,0.0%
xanax,6730000,0.0%
taylor,6723000,0.0%
alaska airlines,6720000,0.0%
calendars,6720000,0.0%
cdc,6720000,0.0%
frozen 2,6720000,0.0%
google photos,6720000,0.0%
hollister,6720000,0.0%
pottery,6720000,0.0%
progressive,6720000,0.0%
wshh,6720000,0.0%
american express,6700000,0.0%
americanexpress,6700000,0.0%
astro,6700000,0.0%
delta air,6700000,0.0%
gmail sign in,6700000,0.0%
gmailcom,6700000,0.0%
google com,6700000,0.0%
google earth,6700000,0.0%
internet speed,6700000,0.0%
jong un,6700000,0.0%
khan academy,6700000,0.0%
louis,6700000,0.0%
ny times,6700000,0.0%
periodic table,6700000,0.0%
roadhouse,6700000,0.0%
s&p,6700000,0.0%
vuitton,6700000,0.0%
washington post,6700000,0.0%
wells fargo login,6700000,0.0%
yahoo news,6700000,0.0%
tiempo,6670000,0.0%
victoria,6670000,0.0%
ip,6660000,0.0%
safeway,6660000,0.0%
narwhal,6624000,0.0%
chocolate,6616000,0.0%
slime,6600000,0.0%
who,6600000,0.0%
alibaba,6584000,0.0%
mickey mouse,6584000,0.0%
pandemic,6584000,0.0%
patrol,6584000,0.0%
brewers,6573000,0.0%
billie eilish,6554000,0.0%
bowl,6498000,0.0%
